-- 必须按以下格式声明版本
-- ### VERSION: 1.2.0 ###--

-- 修正子账号表中创建人字段类型错误
ALTER TABLE `p_account_sub` MODIFY COLUMN `creator`  varchar(30) NULL DEFAULT NULL COMMENT '创建人' AFTER `right_change_time`;

ALTER TABLE  `p_account_sub` DROP PRIMARY KEY;
ALTER TABLE `p_account_sub` ADD PRIMARY KEY(`login_id`);


-- ----------------------------
-- Records of p_help_center_content
-- ----------------------------
INSERT INTO `p_help_center_content` VALUES ('07b57d73503b4c268c5a4525a73b4afa', '注册都需要什么信息？流程是怎样的？', '<p>注册需要准备企业相关证照，包含：营业执照、组织机构代码证、企业法人信息和海关国检编码等。需要注意的是，注册时，需要一位企业业务联系人，为账号的管理员，作为企业的联系人。注册流程为：<br/><img src=\"http://htlulutongpublic.oss-cn-shenzhen.aliyuncs.com/sysadmin-staging/2016/01/27/6251453862588684.png\" _src=\"http://htlulutongpublic.oss-cn-shenzhen.aliyuncs.com/sysadmin-staging/2016/01/27/6251453862588684.png\"/><br/>填写注册信息提交即可，平台审核完成后，会通过短信通知您。</p>', '28381b7d4bc64f15ba81c4fa37760193', '0', '2016-01-27T02:43:18.221Z', '2016-01-27T02:46:48.360Z', '1');
INSERT INTO `p_help_center_content` VALUES ('1403a4938518455bb7e5f376c6454757', '忘记密码或账户名怎么办？', '<p>忘记密码时，通过系统的找回密码功能，验证业务联系人的手机号，即可找回密码。</p><p>忘记账户名时，请通过预留的邮箱，发送邮件至support@amoyx.com，说明情况，提交预留联系人信息。平台审核通过后，会回复账户名信息。</p>', '28381b7d4bc64f15ba81c4fa37760193', '4', '2016-01-27T02:51:15.977Z', '2016-01-27T02:51:15.977Z', '1');
INSERT INTO `p_help_center_content` VALUES ('160e527bf59c4dec8887d17e24ebe4ff', '现在入驻有什么优惠条件？', '<p>目前主要有两个优惠条件：</p><p>1. 优先体验权。鹭路通平台新开发的功能，对于现在注册的用户优先开放。</p><p>2. 免费。鹭路通平台在一段时间内，不会向商家收取服务费。后续如有变动，会提前三个月进行通知。</p>', '5b5fce2cde0243859e461092d58a17b9', '3', '2016-01-27T02:54:17.145Z', '2016-01-27T02:54:17.145Z', '1');
INSERT INTO `p_help_center_content` VALUES ('327265284b1045dab1076f81309efde6', '服务商如何与鹭路通合作，为其他商家提供服务？', '<p>鹭路通欢迎跨境电商上下游服务企业入驻，为平台商家提供优质服务。还请将合作意向发送至bd@amoyx.com，鹭路通商务经理会在三个工作日内联系您。</p><p></p><p></p>', '5b5fce2cde0243859e461092d58a17b9', '2', '2016-01-27T02:53:39.936Z', '2016-01-27T02:53:39.936Z', '1');
INSERT INTO `p_help_center_content` VALUES ('4b802c09cb7e483fa5c1c6f89f1bd3bc', '注册审核需要多久？', '<p>注册信息一般会在三个工作日内完成审核，如有问题，会通过电话与您联系。如有问题，请联系客服：0592-6888708，或通过邮件：support@amoyx.com。</p>', '28381b7d4bc64f15ba81c4fa37760193', '2', '2016-01-27T02:49:09.518Z', '2016-01-27T02:49:09.518Z', '1');
INSERT INTO `p_help_center_content` VALUES ('4bb2a9afa41c41feae33a185b0219dcb', '不同的商家类型能分别获得怎么的服务？', '<p>目前分为三类商家：一般商家、展示商和展示中心。</p><p></p><ul><li>一般商家，能够使用物流相关服务，批量追踪物流状态。</li><li>展示商，参与展示中心展示的商家，在一般商家的基础上，获得申请展示、管理展示等功能。相关商品展示，会在海关监管之下进行。</li><li>展示中心，展示中心的运营商，可以对下属展示商进行一定程度的管理。</li></ul>', '28381b7d4bc64f15ba81c4fa37760193', '1', '2016-01-27T02:48:24.349Z', '2016-01-27T02:48:24.349Z', '1');
INSERT INTO `p_help_center_content` VALUES ('90702cb8744d44bf99ac4aa579f3df94', '如何与鹭路通取得联系？', '<p>客服热线：0592-6888708</p><p>工作时间：8:30-17:30（周末及节假日除外）</p><p>客户服务：support@amoyx.com</p><p>商务推广：bd@amoyx.com</p><p>人才招聘：zhaopin@amoyx.com</p>', 'b61e695ccb01487b9108cc116f8e8560', '4', '2016-01-27T02:38:55.227Z', '2016-01-27T02:38:55.227Z', '1');
INSERT INTO `p_help_center_content` VALUES ('a20274fb003e4a9e85fd9d68fea44813', '如何查看最新版的用户协议？', '<p>鹭路通最新用户协议：<a href=\"http://\\&quot;\\&quot;\">《鹭路通用户协议》</a></p>', 'b61e695ccb01487b9108cc116f8e8560', '3', '2016-01-27T02:38:22.723Z', '2016-01-27T02:38:22.723Z', '1');
INSERT INTO `p_help_center_content` VALUES ('b3a6842524524578bbfc9c8fd7716af6', '注册时提交信息填写错误怎么办？注册成功后，还可以修改注册信息吗？', '<p>注册时，信息填写错误无法自行修改，需要联系客服（0592-6888708）修改，或等待审核被退回后，再进行修改。</p><p>注册成功后，可以在后台修改部分信息，认证主体无法修改。如有特殊情况，请联系客服（0592-6888708）。</p>', '28381b7d4bc64f15ba81c4fa37760193', '3', '2016-01-27T02:50:10.758Z', '2016-01-27T02:50:10.759Z', '1');
INSERT INTO `p_help_center_content` VALUES ('d9bffbbbe8e1458a858aab15802eb181', '入驻商家与鹭路通是什么关系？', '<p>鹭路通是跨境通关综合服务平台，入驻商家分为两类：</p><p>1.一般商家，使用鹭路通提供的各类跨境通关口岸服务；</p><p>2.服务提供商，与鹭路通合作，为跨境贸易商家提供相关服务。</p>', 'b61e695ccb01487b9108cc116f8e8560', '2', '2016-01-27T02:37:22.878Z', '2016-01-27T02:37:35.182Z', '1');
INSERT INTO `p_help_center_content` VALUES ('ea9372b4b692455185485c4d739ed013', '鹭路通是什么样的平台？', '<p><span> &nbsp; &nbsp;鹭路通是厦门海投跨境通信息技术有限公司为解决跨境通关过程中的一系列问题，而打造的完全开放口岸服务平台。鹭路通会集成海沧已有自动化码头，结合海运快件政策，建立无缝高效的台厦海运通道，为商家提供物流和通关服务。同时依托海外子公司解决跨境电商中，售后、正品保障以及跨境结算等问题。鹭路通立足厦门，全国联动，旨在为全球电商，品牌商以及终端消费者提供一站式跨境口岸服务。</span></p>', 'b61e695ccb01487b9108cc116f8e8560', '0', '2016-01-27T02:34:13.379Z', '2016-01-27T02:35:49.716Z', '1');
INSERT INTO `p_help_center_content` VALUES ('eae40fcda4524ea0b9c277921b01c4f1', '招商入驻流程是怎样的？', '<p>从事跨境贸易电子商务的企业或相关联服务的企业，均可入驻鹭路通平台。</p><p></p><p>一般商家直接提交信息注册，平台审核通过，即完成入驻。如有特殊情况，请先联系bd@amoyx.com。</p><p></p><p>服务提供商，请直接联系bd@amoyx.com，洽谈合作事宜，鹭路通商务经理会在三个工作日内联系您。</p><p></p><p></p><p></p><p></p><p></p><p></p>', '5b5fce2cde0243859e461092d58a17b9', '1', '2016-01-27T02:52:43.674Z', '2016-01-27T02:52:43.674Z', '1');
INSERT INTO `p_help_center_content` VALUES ('eef19c60e11e4526a9ce2530aaa9f961', '目前招商对象主要是哪些？', '<p>目前平台服务刚刚起步，只能为部分商家提供服务，主要分为以下三类：</p><ul><li>需要日本-中国物流服务的商家。鹭路通与日本佐川急便合作，为商家提供优质中日物流服务。</li><li>展示中心运营商。鹭路通提供便捷的管理服务。</li><li>展示商。鹭路通打通海关商检，为商家提供一站式通关展示服务。</li></ul><p>鹭路通也欢迎以上三类商家之外的其他商家注册，关注鹭路通后续服务功能。</p>', '5b5fce2cde0243859e461092d58a17b9', '0', '2016-01-27T02:52:00.187Z', '2016-01-27T02:52:00.187Z', '1');
INSERT INTO `p_help_center_content` VALUES ('fa969e88d1174c1bb169a7166aeed822', '鹭路通主要提供什么服务？', '<p>鹭路通目标是，为全球电商、品牌商以及终端消费者提供一站式跨境口岸服务。跨境过程中的物流、通关、仓储、身份认证等均会提供服务和支持，目前主要提供：</p><ul><li>日本-中国物流服务<p></p>鹭路通与日本佐川急便合作，提供日本-中国的物流服务。并且达成物流全过程信息可监控追溯。</li><li>展示进口通关及管理服务<p></p>展示中心管理系统与海关监管系统无缝对接，实现出入库操作数字化申报，信息化监管。</li><li>eID身份认证<p></p>打通公安部个人身份系统，通过带eID功能的工行卡，解决跨境电商过程中身份认证的问题。贴卡身份验证，保证了身份信息不会被窃取滥用；同时解决了海关商检个人物品政策管控的问题，为快速通关提供了保障。</li></ul>', 'b61e695ccb01487b9108cc116f8e8560', '1', '2016-01-27T02:36:48.420Z', '2016-01-27T02:36:48.420Z', '1');


-- ----------------------------
-- Records of p_help_center_type
-- ----------------------------
INSERT INTO `p_help_center_type` VALUES ('28381b7d4bc64f15ba81c4fa37760193', '注册登录', '1', '1', '2016-01-27T02:31:29.222Z', '2016-01-27T02:31:29.223Z');
INSERT INTO `p_help_center_type` VALUES ('5b5fce2cde0243859e461092d58a17b9', '招商入驻', '2', '1', '2016-01-27T02:31:50.140Z', '2016-01-27T02:31:56.421Z');
INSERT INTO `p_help_center_type` VALUES ('b61e695ccb01487b9108cc116f8e8560', '平台介绍', '0', '1', '2016-01-27T02:30:31.588Z', '2016-01-27T02:30:44.651Z');

-- ----------------------------
-- Records of p_position_recruitment
-- ----------------------------
INSERT INTO `p_position_recruitment` VALUES ('13f0e6fc6d024bf69461297733bc3185', 'ios开发工程师', '0', '厦门', '1', '负责iOS软件产品研发和维护', '1、3年以上iOS产品开发经验 \r\n2、扎实的Object C/C/C++语言基础\r\n3、熟悉iOS开发技术和各iOS版本特点\r\n4、学习能力强，有创造性思维能力', '2016-01-27T03:15:16.198Z', '2016-01-28T02:32:18.535Z', '0');
INSERT INTO `p_position_recruitment` VALUES ('1b012dac21a149548f0c6d457f244ef7', '国际供应链项目总监', '6', '厦门', '1', '1、负责公司供应链产品的方案总体方案设计\r\n2、和公司开发部门共同完善公司相关互联网平台，提升用户体验\r\n3、负责开发供应链服务优质的供应商，提供富有竞争力的供应链服务产品', '1、本科以上学历，10年以上供应链相关工作经验\r\n2、国际供应链运营管理经验；熟悉国际仓储物流及跨境电商的操作流程及知识\r\n3、有国际物流/供应链大公司工作经历者优先\r\n4、有着优良的业绩，为人正直，责任心强，作风严谨，工作仔细认真\r\n5、不符合条件请勿投递本岗位', '2016-01-27T03:23:01.691Z', '2016-01-28T02:31:22.758Z', '0');
INSERT INTO `p_position_recruitment` VALUES ('1b30f4a789974340984477ecbe284fc8', '运维工程师', '0', '厦门', '1', '1、web架构中各个环节的服务优化与系统优化\r\n2、对于目前整体网站架构中存在的问题进行分析，提出解决与优化方案\r\n3、完善监控:针对当前监控体系做一些改进增强', '1、精通Linux操作系统维护、常用服务的配置\r\n2、深入了解LNMP环境，熟练部署web相关服务\r\n3、熟悉MySQL数据库的配置、调优、备份等维护操作\r\n4、能熟练地编写脚本（Shell或者Perl），使用脚本来完成日常系统运维工作\r\n5、实施过监控系统平台方案\r\n6、熟悉应用系统负载测试方法和测试软件，具有相关应用安全、系统安全、信息安全经验\r\n7、对系统常见应用软件有深入理解，如BIND、CDN、WEB、MAIL、Mysql、VPN、LVS等，能够快速实施部署、配置及排错\r\n8、精通：linux系统主流服务部署、优化、监控、复杂事件处理、负载均衡、Cache缓存、HTTP协议\r\n9、熟悉：网络规划、实施方案、服务器及网络设备性能指标、windows server各服务部署与维护、mysql、mongodb等主流数据库系统', '2016-01-27T03:23:53.480Z', '2016-01-28T02:31:06.574Z', '0');
INSERT INTO `p_position_recruitment` VALUES ('295a20bc8c9a4f9891367364b2c2cc17', '技术总监', '0', '厦门', '1', '1、负责产品业务的技术架构搭建\r\n2、功能模块设计、开发与优化', '1、5年以上技术研发，2年技术主管经验\r\n2、丰富的大数据和高并发流平台开发经验\r\n3、熟悉网络安全性能、瓶颈分析和管理', '2016-01-11T07:25:24.188Z', '2016-01-28T02:32:25.565Z', '0');
INSERT INTO `p_position_recruitment` VALUES ('2f2d886c131d49fc890738294f30985e', 'Java开发工程师', '0', '厦门', '1', '1、完成产品和项目的开发任务 \r\n2、协助完成产品模块的设计\r\n3、负责产品的编码、测试、维护及二次开发等', '1、熟悉J2EE架构，了解SPRING、IBATIS等框架\r\n2、具有一定的数据库基础，熟悉ORACLE、SQL SERVER等大型数据库应用开发\r\n3、了解UML，能使用工具完成建模工作\r\n4、具有良好的团队合作精神和与人沟通的能力', '2016-01-27T03:18:52.832Z', '2016-01-28T02:31:55.101Z', '0');
INSERT INTO `p_position_recruitment` VALUES ('6826fbefc609447a98c1e5097c5efef9', '高级UI设计师', '0', '厦门', '1', '1、负责H5,APP&PC端整体UI视觉设计与部分交互设计\r\n2、维护现有的应用产品，进行设计优化改进\r\n3、把控整个产品的设计风格并持续优化提升产品设计质量', '1、大专及以上学历，美术，视觉传达相关专业\r\n2、2年以上网页及移动端UI界面设计工作经验\r\n3、熟练使用Photoshop、Illustartor、Flash等设计工具，有手绘经验者优先\r\n4、能独立参与项目、产品整个的周期；充分理解项目经理的设计方案，基于人机交互理论，寻求用户最佳视觉表现方式，策划设计各种视觉元素\r\n5、较强的需求理解能力、执行能力和团队合作精神，较强的责任心和清晰的沟通表达能力 \r\n6、投递本岗位时，请随简历附上个人作品（网页设计、APP设计、交互设计等。）', '2016-01-27T03:21:31.239Z', '2016-01-28T02:31:45.823Z', '0');
INSERT INTO `p_position_recruitment` VALUES ('91271a9c51dc4599940dd0c4dfff6a84', 'PHP开发工程师', '0', '厦门', '1', '负责项目开发和日常维护工作', '1、熟悉PHP代码编写，熟练应用WEB开发所需的各种技术\r\n2、具有一定的数据库基础，熟悉MYSQL、MSSQL等大型数据库应用开发\r\n3、计算机相关专业本科以上学历、一年以上相关工作经验\r\n4、具有良好的团队合作精神和与人沟通的能力', '2016-01-27T03:22:07.946Z', '2016-01-28T02:31:32.586Z', '0');
INSERT INTO `p_position_recruitment` VALUES ('a447d2ce1b2a471bb8fcf47368851429', 'Android开发工程师', '0', '厦门', '1', '责Android客户端软件的产品开发和维护', '1、2年以上Android应用开发经验 \r\n2、扎实的Java语言基础\r\n3、能独立完成客户端需求整理和软件设计\r\n4、学习能力强，有创造性思维能力', '2016-01-27T03:16:02.532Z', '2016-01-28T02:32:11.186Z', '0');
INSERT INTO `p_position_recruitment` VALUES ('f9e34486b0634577bcd58dbbc68b67ce', 'Web前端开发工程师', '0', '厦门', '1', '负责Web前端开发', '1、2年以上相关工作经验 \r\n2、精通常用的各种主流前端开发技术 \r\n3、精通html5, CSS3等前端技术 \r\n4、能制作丰富的页面效果 \r\n5、熟悉Web前端MVC架构', '2016-01-27T03:17:35.655Z', '2016-01-28T02:32:04.332Z', '0');
